Package|Class|Field
org.apache.commons.cli|AlreadySelectedException|serialVersionUID
org.apache.commons.cli|AlreadySelectedException|group
org.apache.commons.cli|AmbiguousOptionException|serialVersionUID
org.apache.commons.cli|CommandLine|serialVersionUID
org.apache.commons.cli|CommandLine|deprecatedHandler
org.apache.commons.cli|DefaultParser|allowPartialMatching
org.apache.commons.cli|DefaultParser|stripLeadingAndTrailingQuotes
org.apache.commons.cli|DefaultParser|deprecatedHandler
org.apache.commons.cli|DeprecatedAttributes|EMPTY_STRING
org.apache.commons.cli|DeprecatedAttributes|forRemoval
org.apache.commons.cli|HelpFormatter|HEADER_OPTIONS
org.apache.commons.cli|HelpFormatter|HEADER_SINCE
org.apache.commons.cli|HelpFormatter|HEADER_DESCRIPTION
org.apache.commons.cli|HelpFormatter|deprecatedFormatFunction
org.apache.commons.cli|HelpFormatter|printWriter
org.apache.commons.cli|HelpFormatter|showSince
org.apache.commons.cli|MissingArgumentException|serialVersionUID
org.apache.commons.cli|MissingOptionException|serialVersionUID
org.apache.commons.cli|Option|serialVersionUID
org.apache.commons.cli|Option|argCount
org.apache.commons.cli|Option|longOption
org.apache.commons.cli|Option|option
org.apache.commons.cli|Option|optionalArg
org.apache.commons.cli|Option|required
org.apache.commons.cli|OptionBuilder|longOption
org.apache.commons.cli|OptionBuilder|description
org.apache.commons.cli|OptionBuilder|argName
org.apache.commons.cli|OptionBuilder|required
org.apache.commons.cli|OptionBuilder|argCount
org.apache.commons.cli|OptionBuilder|type
org.apache.commons.cli|OptionBuilder|optionalArg
org.apache.commons.cli|OptionBuilder|valueSeparator
org.apache.commons.cli|OptionBuilder|INSTANCE
org.apache.commons.cli|OptionGroup|serialVersionUID
org.apache.commons.cli|OptionGroup|optionMap
org.apache.commons.cli|OptionGroup|required
org.apache.commons.cli|Options|serialVersionUID
org.apache.commons.cli|Options|shortOpts
org.apache.commons.cli|Options|longOpts
org.apache.commons.cli|Options|requiredOpts
org.apache.commons.cli|Options|optionGroups
org.apache.commons.cli|ParseException|serialVersionUID
org.apache.commons.cli|Parser|options
org.apache.commons.cli|Parser|requiredOptions
org.apache.commons.cli|PatternOptionBuilder|UNSUPPORTED
org.apache.commons.cli|PosixParser|tokens
org.apache.commons.cli|PosixParser|eatTheRest
org.apache.commons.cli|PosixParser|currentOption
org.apache.commons.cli|PosixParser|options
org.apache.commons.cli|TypeHandler|DEFAULT
org.apache.commons.cli|TypeHandler|HEX_RADIX
org.apache.commons.cli|TypeHandler|converterMap
org.apache.commons.cli|UnrecognizedOptionException|serialVersionUID
